ids,questions
59,"Quando a Universidade de São Paulo foi criada?"
1113,"O Centro de Práticas Esportivas da Universidade de São Paulo está vinculado a qual órgão da USP?"
68,"Quais são as escolas do Institut Polytechnique de Paris?"
59,"Há quanto tempo a Universidade de São Paulo existe?"
59,"Quando a USP foi fundada?"
1113,"O CEPEUSP pertence a qual órgão da USP?"
1113,"Quem coordena o CEPEUSP?"
76,"Quem informa a USP sobre as mudanças de valores em contratos de operadoras credenciadas?"
76,"Quem informa a Universidade de São Paulo sobre preços de contratos?"
31,"O conselho de ensino, pesquisa e extensao é composto por quais câmaras?"
31,"Qual é o conselho da USP responsável pela área de pesquisa ensino e extensão?"
31,"Quantas câmaras existem no conselho responsável pela pesquisa e extensão da USP?"
1437,"Quais são as provas e seus respectivos pesos no concurso para Professor Titular na USP?"
1382,"Qual é o prazo máximo para interpor um recurso contra decisões dos órgãos executivos e colegiados da USP, e como deve ser feito esse recurso?"
9,"Quais são as cadeiras e aulas que fazem parte obrigatoriamente do curso de engenheiros civis na USP?"
70,"Qual o nível de proficiência em francês e inglês exigido para candidatos interessados no programa de engenharia da Ecole des Ponts ParisTech?"
608,"Como é definida a representação docente nas Congregações da Universidade de São Paulo e quais são os critérios específicos para a inclusão de professores de diferentes categorias?"
1520,"Como são escolhidos o Diretor e o Vice-Diretor do MAE na Universidade de São Paulo, e qual é a duração do mandato de cada um?"
1372,"Qual é o prazo máximo estabelecido para a conclusão de um curso de doutorado na USP para um aluno que não possui o título de mestre?"
1106,"Quais são os objetivos institucionais do Museu Paulista?"
860,"Qual é o prazo máximo para um estudante de pós-graduação realizar o exame de qualificação após a inscrição na USP?"
25,"Qual é o prazo para entrar com recurso de nulidade após a deliberação da Congregação sobre o julgamento de um concurso na USP?"
998,"Quais são os critérios necessários para um aluno de mestrado ser transferido para o curso de doutorado direto na USP?"
1394,"Qual é o mandato dos membros da representação discente no Conselho de um Departamento da USP e é permitida a recondução?"
1487,"Quais são as competências da Comissão de Inclusão e Pertencimento da EEL conforme estabelecido em normativas da USP?"
904,"Quais são os idiomas permitidos para a elaboração de dissertações de mestrado profissional na USP?"
1584,"Quais são as principais competências do Instituto de Ciências Matemáticas e de Computação (ICMC) da USP?"
1095,"Qual é a porcentagem de representação discente nas Comissões de Graduação e de Pós-Graduação na USP, e como são eleitos os suplentes desses representantes?"
928,"Quais são os requisitos para a apresentação de uma Dissertação de Mestrado na USP, conforme as normas estabelecidas pela Escola de Enfermagem da USP?"
859,"Quantos créditos especiais um estudante da USP pode receber por publicar um trabalho em revistas indexadas com Qualis de A até B2 na área de Química, sendo o primeiro autor e tendo relação com seu projeto de dissertação ou tese?"
1519,"Quais são os órgãos de administração do Museu de Arqueologia e Etnologia (MAE) da Universidade de São Paulo (USP) e como é composto o Conselho Deliberativo deste museu?"
52,"Quais critérios são considerados no julgamento do memorial de um candidato à livre-docência na USP?"
744,"Quantos créditos em disciplinas cursadas são necessários para estudantes de Mestrado e Doutorado na USP até o exame de qualificação, e quantas produções relativas ao tema em estudo devem ser apresentadas até o depósito da dissertação ou tese, respectivamente?"
841,"Quais são os critérios para o credenciamento ou recredenciamento de disciplinas na USP, e como deve ser apresentada a ementa dessas disciplinas?"
1549,"Quais são os critérios para a composição da representação docente na Congregação da ESALQ, e quem mais pode participar como membro convidado sem direito a voto?"
1606,"Qual é o procedimento estabelecido para a realização de reuniões da Congregação da USP caso não haja quórum legal na primeira convocação?"
1546,"Quais são as comissões permanentes que podem ser instituídas na Universidade de São Paulo além das Comissões de Graduação, de Pós-Graduação, de Pesquisa e Inovação, de Cultura e Extensão Universitária e de Inclusão e Pertencimento, e qual é o procedimento para a aprovação de seus regulamentos próprios?"
21,"Como é escolhido o Reitor da Universidade de São Paulo quando a instituição não possui autonomia econômica?"
1410,"Quem é responsável por aprovar os nomes que compõem as Comissões de Graduação, de Pesquisa e Inovação, e de Cultura e Extensão Universitária na USP, e o que acontece em caso de discordância?"
1436,"Quem pode ser eleito como Coordenador e suplente das Comissões de Coordenação de Cursos (CoCs) na Universidade de São Paulo (USP) e quais são os requisitos para esses membros?"
1149,"Quem é responsável pelas providências de disciplinas interdepartamentais na Universidade de São Paulo?"
1078,"Quais são os critérios para a escolha do Coordenador da COESF na Universidade de São Paulo?"
1556,"Qual é a duração do mandato dos membros docentes da Comissão de Pesquisa (CPq) e da Comissão de Pesquisa e Inovação (CPqI) na USP, e quantas vezes é permitida a recondução?"
598,"Qual é o procedimento para um servidor da USP reassumir o exercício após desistir de uma licença e qual a condição para gozar da parte restante da licença?"
691,"Qual é o tempo mínimo e máximo de duração para a apresentação no Exame de Proficiência em Inglês na USP, e qual será a consequência se o candidato não cumprir esse tempo?"
1471,"Quais são as responsabilidades da Seção de Materiais na Universidade de São Paulo conforme o regulamento interno?"
1399,"Quais são os critérios de composição da Comissão de Inclusão e Pertencimento (CIP-FEUSP)?"
1355,"Quais são as categorias e os níveis de progressão na carreira docente na Universidade de São Paulo (USP) e como um professor pode ascender de um nível para outro?"
1402,"Quais são os critérios para o credenciamento específico de orientadores no PPGE-USP que não atendem aos requisitos mínimos especificados anteriormente?"
849,"Quantos créditos especiais são concedidos a um aluno da USP por depósito de patentes ou registro de softwares?"
729,"Quais são os critérios avaliados pela CCP para o credenciamento de uma nova disciplina nos programas de pós-graduação da USP?"
1503,"Quais são as responsabilidades do Diretor da FMVZ em relação à apresentação de relatórios e convocação de eleições conforme o regimento interno?"
908,"Quais são os critérios para o credenciamento de um orientador pleno no programa de pós-graduação da USP?"
652,"Quais são os critérios necessários para comprovar o pertencimento a um grupo indígena em processos seletivos da USP?"
1297,Qual é a missão da Faculdade de Saúde Pública da Universidade de São Paulo?"
879,"Como um aluno pode mudar do curso de Mestrado para o de Doutorado Direto na USP?"
1120,"Qual é a carga horária semanal padrão de trabalho para um docente contratado segundo o processo seletivo da USP e em que condições essa carga horária pode ser excepcionalmente reduzida?"
640,"Qual será o destino das vagas não preenchidas pelo Processo seletivo ENEM-USP 2024 para cursos de Graduação na USP?"
419,"Quais são as modalidades de parcerias que a Universidade de São Paulo pode aprovar e firmar, conforme suas normas institucionais?"
737,"Qual é a nota mínima para aprovação na análise do currículo Lattes na primeira fase do Processo Seletivo para o Doutorado Direto em Saúde Global e Sustentabilidade na USP?"
1264,"Qual é o procedimento para os candidatos que desejam apresentar manifestações contrárias à lista de pontos e ao modus faciendi da prova prática em um concurso na Universidade de São Paulo, e como essas manifestações são tratadas pela Comissão Julgadora?"
1249,"Quais são os critérios para a seleção de alunos monitores de graduação e pós-graduação na USP?"
1329,"Quais são os membros que compõem o Conselho Gestor do Campus Capital-Butantã da USP e como são escolhidos?"
1592,"Quais são os deveres dos discentes de acordo com o Regimento do ICMC da USP?"
1615,"Quem assume a Pró-Reitoria de Pesquisa e Inovação da USP na ausência do Pró-Reitor e dos Pró-Reitores Adjuntos, e sob quais critérios essa substituição é feita?"
716,"Quais são os critérios de publicação que um pesquisador deve atender, nos últimos cinco anos, para ser considerado qualificado segundo um determinado regulamento da USP?"
1143,"Quantos membros compõem a Comissão de Inclusão e Pertencimento da USP e como são eleitos esses membros?"
648,"Qual é o procedimento necessário para candidatos autodeclarados negros, de cor preta ou parda, que optam pela ação afirmativa em concursos públicos para provimento de cargo docente na USP?"
1623,"Quais são os membros que compõem o Conselho do Departamento na Universidade de São Paulo conforme o regulamento?"
643,"Quantas vagas serão disponibilizadas para o processo de transferência de cursos de graduação na USP para o 2º semestre de 2024 e o 1º semestre de 2025?"
758,"Quantos créditos especiais são atribuídos a um aluno da USP que realiza o depósito de patentes relacionadas ao projeto de sua dissertação ou tese?"
1425,"Quais são os principais objetivos do Instituto de Geociências da Universidade de São Paulo conforme seu regimento?"
1466,"Qual é a composição da Comissão de Cultura e Extensão Universitária da USP e quais são os critérios para a eleição de seus membros?"
632,"Um aluno pode cursar simultaneamente mais de um curso de graduação na USP?"
677,"Quais são os critérios utilizados para avaliar o desempenho acadêmico e científico dos alunos no programa de pós-graduação em Oncologia da USP?"
1265,"Quais são as comissões da USP que devem reger-se por regimentos próprios aprovados pela Congregação?"
766,"Quais são os requisitos necessários para a apresentação de um projeto de orientação de pós-graduação na USP, incluindo a necessidade de vínculo institucional do solicitante?"
937,"Quantos artigos derivados do projeto de pesquisa de doutorado devem ser incluídos na tese na forma de coletânea de artigos na USP, e quais são os requisitos de publicação desses artigos?"
676,"Quais são os critérios de avaliação para alunos durante exames de qualificação em programas de pós-graduação em Oncologia na USP?"
15,"Quais são os requisitos necessários para um candidato se inscrever em um concurso para professor catedrático na USP?"
1138,"Qual é o objetivo do Centro Observatório das Instituições Brasileiras (COI) criado pela Universidade de São Paulo?"
1427,"Quais são as etapas do concurso para Professor Doutor na USP e qual o peso de cada uma delas?"
1119,"Quais são os requisitos necessários para a contratação de docentes por prazo determinado na Universidade de São Paulo conforme estabelecido pela resolução citada?"
657,"Quais critérios são utilizados para avaliar os projetos de pesquisa dos candidatos no processo seletivo de pós-graduação do Departamento de Letras Modernas da USP?"
1444,"Quais são os órgãos que compõem a administração central da Faculdade na USP, conforme descrito no regulamento?"
733,"Quantos créditos especiais um aluno da USP pode receber por participar do Programa de Aperfeiçoamento do Ensino (PAE) durante seu período de matrícula regular?"
1327,"Quais são os órgãos responsáveis pela administração do Campus Área Capital-Leste da Universidade de São Paulo?"
1110,"Quais são os critérios para a composição da Comissão de Graduação na USP e como são eleitos seu Presidente e Vice-Presidente?"
915,"Como são tomadas as deliberações pela Comissão de Pós-Graduação (CPG) e qual é o papel do Presidente em casos de urgência?"
635,"Como são classificados os candidatos para as vagas destinadas às Políticas de Ações Afirmativas na USP após o preenchimento das vagas de Ampla Concorrência?"
673,"Quais são as responsabilidades da Comissão de Legislação e Recursos (CLR) da USP em relação à gestão de cargos e funções docentes?"
1606,"Quais são os órgãos que exercem a Administração Geral do Instituto de Química da USP, conforme seu regimento?"
595,"Quais são as condições sob as quais um servidor da USP pode ser obrigado a restituir a ajuda de custo recebida?"
1389,"Quem é responsável pela escolha do Diretor e do Vice-Diretor na Universidade de São Paulo, e com base em que documento essa escolha é feita?"
831,"Quais critérios são utilizados para avaliar o projeto de pesquisa de um candidato no processo seletivo de um programa de pós-graduação na USP?"
1382,"Como é o processo de eleição do representante dos antigos alunos para o Conselho da USP e quem pode votar e ser votado?"
1133,"Qual é o limite máximo de horas semanais que um voluntário pode dedicar ao serviço na USP e quais condições devem ser observadas em relação ao horário de expediente?"
305,"Quais são os órgãos criados pela USP para auxiliar na aplicação da Lei Geral de Proteção de Dados Pessoais (LGPD) e na regulamentação da atividade do Encarregado pela Proteção de Dados Pessoais?""
1447,"Quais são os critérios de avaliação para a seleção de monitores na USP conforme o regulamento?"
1459,"Quais são os critérios utilizados pela comissão julgadora para avaliar o projeto de pesquisa no concurso de Professor Doutor na USP?"
1014,"Quais são as condições para que o exame de proficiência em idiomas seja dispensado para candidatos a programas de pós-graduação na USP?"
627,"Quais são os critérios para um candidato ser elegível às vagas destinadas às Políticas de Ações Afirmativas na USP, especificamente para as categorias Escola Pública (EP) e Pretos, Pardos e Indígenas (PPI)?"
676,"Quais são os critérios de avaliação de um aluno durante o exame de qualificação em Oncologia na USP?"
1367,"Quais são as competências do chefe do Departamento na Universidade de São Paulo conforme o regimento interno?"
1567,"Quantos representantes titulares e suplentes dos cursos de Física são eleitos para compor a Comissão de Graduação da USP, e como é feita a divisão entre os departamentos FCM e FCI segundo a última resolução?"
1430,"Quem tem a autoridade para aprovar o Regulamento da Biblioteca, do Centro de Computação, da Oficina Mecânica Central e dos serviços administrativos do Instituto de Física da USP?"
1142,"Quais são as condições necessárias para que alunos de pós-graduação e candidatos bolsistas possam se inscrever em um Programa na USP?"
1269,"Qual é o procedimento para a convocação de sessões extraordinárias da Congregação na USP e quem pode iniciá-las?"
1597,"Quem é responsável por traçar as diretrizes e zelar pela execução dos Projetos de Pesquisa e Inovação na USP?"
928,"Quais são os requisitos para a apresentação de Dissertações e Teses na USP conforme o Regimento de Pós-Graduação?"
771,"Quais são os critérios necessários para o recredenciamento de um orientador pleno na USP, conforme as normas institucionais?"
1554,"Qual é a duração do mandato dos membros docentes eleitos para a Comissão de Graduação da USP e é permitida a recondução?"
18,"Quais são as formas pelas quais a Universidade de São Paulo promove a aproximação e o convívio entre professores e alunos de diferentes institutos?"
1430," Quem tem a autoridade para aprovar o Regulamento da Biblioteca, do Centro de Computação, da Oficina Mecânica Central e dos serviços administrativos do Instituto de Física da USP?"
926,"Quais são os requisitos para a inscrição de um estudante no Exame de Qualificação (EQ) de Mestrado na USP?"
950,"Qual é o prazo de validade do credenciamento de orientadores na Universidade de São Paulo e qual é o número máximo de alunos que um orientador pode orientar diretamente?"
561,"Quantas bolsas de residência médica em Otorrinolaringologia foram destinadas ao Hospital de Reabilitação de Anomalias Craniofaciais da Universidade de São Paulo para os ingressantes até 2024?"
633,"Como serão tratados os dados pessoais dos candidatos que se inscreverem no vestibular FUVEST 2024?"
1585,"Quais são os membros que compõem o Conselho Técnico Administrativo (CTA) da USP e qual é a duração do mandato para cada tipo de representante?"
593,"Qual é a consequência para um servidor da Universidade de São Paulo que não cumprir o número de horas semanais de trabalho estabelecido, fora das exceções previstas no estatuto?"
413,"Quais são os critérios de elegibilidade para os alunos de graduação participarem como candidatos na eleição dos representantes discentes junto ao Conselho de Inclusão e Pertencimento e Conselho de Pesquisa e Inovação da USP?"
947,"Quais são os requisitos mínimos para uma dissertação de mestrado no formato de coletânea comentada de artigos na USP?"
1106,"Quais são os órgãos administrativos do Museu Paulista de acordo com o seu regimento interno?"
737,"Quais são os critérios de avaliação e seus respectivos pesos na primeira fase do processo seletivo para o Doutorado em Saúde Global e Sustentabilidade na USP?"
820,"Qual é o prazo máximo para o depósito da dissertação em um curso de Mestrado Profissional na USP, incluindo a possibilidade de prorrogação?"
926,"Quais são os requisitos para um estudante de Mestrado da USP solicitar a mudança de curso para Doutorado Direto?"
1272,"Qual é o prazo máximo estabelecido para a integralização dos créditos dos cursos de Graduação na EEFE-USP?"
595,"Quais são os critérios para um servidor da USP ter direito ao salário-família por seus filhos?"
846,"Qual é o procedimento para um estudante que foi reprovado no exame de qualificação na USP e deseja tentar novamente?"
1588,"Quem assume a responsabilidade pela CRInt na ausência do Presidente e do Vice-Presidente, de acordo com o regulamento da USP?" 
1386,"Quais são as situações em que a votação será realizada de forma secreta segundo as normas de votação da matéria constante de pauta na USP?"
43,"Quais são as finalidades da Coordenadoria da Saúde e Assistência Social (COSEAS) na Universidade de São Paulo?"
1452,"Quais são os cursos de graduação oferecidos pelo Instituto de Matemática e Estatística (IME) da Universidade de São Paulo (USP) e como é tratada a co-responsabilidade de um desses cursos com outra faculdade?"
765,"Como os estudantes de pós-graduação da USP são avaliados anualmente em relação ao seu desempenho acadêmico e científico?"
1631,"Quando o Regimento da Faculdade de Ciências Farmacêuticas da USP foi aprovado e quais resoluções ele revogou?"
1371,"Quais são os requisitos para um estudante de mestrado da USP prosseguir para o doutorado sem ter completado todos os estudos de mestrado e como isso afeta o prazo do doutorado?"
1050,"Quais são as habilidades que um participante pode desenvolver ao realizar o Programa de Gestão da Inovação (PGI) na USP?"
1296,"Quais são as competências da CIP relacionadas à inclusão e diversidade na Universidade de São Paulo?"
928,"Quais são os requisitos para a apresentação de Dissertações e Teses na USP conforme o Regimento de Pós-Graduação?"
674,"Quais são os exames de proficiência em inglês aceitos pela USP para candidatos aos processos seletivos de Mestrado e Doutorado, e quais são as pontuações mínimas exigidas para cada tipo de curso?"
1012,"Quantos membros devem compor as Comissões Julgadoras das Dissertações de Mestrado e Teses de Doutorado na USP, e qual é a exigência quanto à origem desses membros?"
1527,"Quais são os requisitos para que os docentes da Universidade de São Paulo possam participar das atividades de cultura e extensão universitária?"
1280,"Quais são os critérios para que um aluno da FEARP seja elegível para atuar como monitor?"
943,"Quais são os requisitos para o depósito digital de uma Tese de Doutorado na USP, incluindo a necessidade de comprovação relacionada a artigos científicos?"
1408,"Quais são os critérios para a concessão do título de Professor Emérito na FCFRP-USP?"
1153,"Como são escolhidos o Presidente e o Vice-Presidente de uma comissão na USP, e qual é o papel do Conselho Deliberativo nesse processo?"
1474,"Qual é o prazo máximo que cada examinador tem para sua arguição em um concurso para o título de livre-docente na USP, e qual é o tempo máximo que o candidato tem para responder?"
305,"Quais são as responsabilidades do Comitê Gestor de Governança de Dados e Informações da Universidade de São Paulo em relação ao tratamento de dados pessoais?"
1228,"Quais são as funções da Comissão de Graduação na USP conforme a última atualização normativa?"
1507,"Qual é o prazo máximo para os alunos do Curso de Graduação em Medicina Veterinária da USP integralizarem os créditos de acordo com o regulamento da FMVZ?"
1408,"Quais são as provas e suas respectivas ponderações no concurso de Livre-Docência na Faculdade de Ciências Farmacêuticas de Ribeirão Preto da USP?"
1587,"Qual é a composição da Comissão de Inclusão e Pertencimento (CIP) do ICMC segundo a Resolução 8503/2023, e quais são os mandatos dos seus membros?"
1248,"Qual é a duração do mandato dos membros docentes e do servidor técnico e administrativo na CRInt, e é permitida a recondução?"
10,"Quais são as cadeiras fundamentais oferecidas pela Secção de Filosofia na Faculdade de Filosofia, Ciências e Letras da USP?"
1372,"Qual é o requisito mínimo de titulação para os membros das comissões julgadoras na USP, e em que circunstâncias é permitido incluir um membro sem o título de doutor?"
1099,"Quem é responsável por aprovar o afastamento de docentes ou pesquisadores do IEB para obtenção de títulos fora da USP?"
31,"Quais são as competências do Conselho Universitário da USP para definir diretrizes e promover ações dentro da universidade?"
698,"Quais são as condições que podem levar à reprovação de um aluno em um programa de pós-graduação na USP?"
11,"Quais são as disciplinas que constituem o curso superior de agricultura na Escola Superior de Agricultura “Luiz de Queiroz” e como elas são distribuídas ao longo dos anos de curso?"
638,"No Processo Seletivo ENEM-USP 2024, qual a condição que um candidato convocado para sua primeira opção de curso deve manifestar, e qual é o impacto dessa escolha na sua participação no processo seletivo?" 
1137,"Quando um novo Acordo Coletivo de Trabalho (ACT) poderá entrar em vigor na Universidade de São Paulo, considerando a necessidade de negociação sobre cláusulas de ausências por motivos de saúde?"
1246,"Quais são os órgãos de administração do Instituto de Ciências Matemáticas e de Computação (ICMC) da USP conforme a última alteração regulamentar?"
976,"Quais são os elementos que devem ser incluídos no Relatório de Qualificação de um estudante de pós-graduação na USP?"
1369,"Quem pode fazer parte dos Núcleos de Apoio (NA) na Universidade de São Paulo além dos docentes?"
884,"Quais são os critérios para um estudante de Mestrado solicitar a mudança para o curso de Doutorado Direto na USP após a aprovação no Exame de Qualificação?"
239,Quais medidas devem ser observadas no desenvolvimento das atividades presenciais na Universidade de São Paulo?"
1049,"Quem é responsável por resolver os casos omissos na Resolução mencionada no texto da Universidade de São Paulo?"
661,"Quais são os idiomas permitidos para a redação e defesa de dissertações e teses na Universidade de São Paulo?"
1259,"Qual é a composição da Comissão de Pós-Graduação na Universidade de São Paulo e como são eleitos seus membros representantes dos docentes e discentes?"
1501,"Como pode ser emendado o Regimento do IQSC da Universidade de São Paulo?"
820,"Quais são os requisitos para um candidato vinculado diretamente à empresa associada ao Programa de Mestrado Profissional da USP para se inscrever no processo seletivo?"
859,"Quais são as condições para que candidatos estrangeiros sejam isentos da comprovação de proficiência em língua inglesa nos processos seletivos de mestrado e doutorado na USP?"
653,"Quais são os critérios para a composição da Comissão de Pós-Graduação da Escola de Educação Física e Esporte de Ribeirão Preto (EEFERP) e qual é o mandato dos seus membros?"
878,"Quais são os componentes necessários para a apresentação do exame de qualificação no Doutorado na USP e como eles devem ser submetidos?"
24,"Quais são os requisitos necessários para um candidato se inscrever em um concurso de títulos e provas na USP, conforme o regulamento?"
848,"Qual é a nota mínima que um candidato deve obter nas provas escrita e de arguição para ser aceito em um programa de pós-graduação na USP, conforme o edital divulgado no Diário Oficial do Estado de São Paulo?"
1562,"Qual é a composição da representação docente na Congregação da USP e qual é a duração do mandato desses representantes?"
679,"Quais são os requisitos mínimos de publicação para dissertações de mestrado e teses de doutorado na USP que são baseadas em artigos?"
1137,"Quais são os critérios para um servidor da Universidade de São Paulo obter horário especial de trabalho devido a deficiência própria ou de familiares?"
54,"Quais são as duas categorias de estudantes que compõem o Corpo Discente na USP e quais são os critérios para pertencer a cada uma delas?"
1473,"Quais são as principais atribuições da Comissão de Inclusão e Pertencimento da FDRP conforme estabelecido pela Resolução 8490/2023?"
532,"Quem tem a competência para autorizar despesas de alunos da USP em eventos ou atividades acadêmicas no exterior e qual é o limite de valor para essas despesas?"
1171,"Qual a data de aposentadoria voluntária do Professor Silvio Aparecido de Carvalho na USP e qual lei e resolução estão associadas à criação e extinção do seu cargo?"
737,"Quais são os critérios utilizados para avaliar a maturidade científica dos candidatos ao Doutorado em Saúde Global e Sustentabilidade na USP?"
1540,"Quais são os instrumentos da gestão acadêmica do Museu de Zoologia da USP segundo o seu regimento?"
661,"Quais são os critérios para o recredenciamento de orientadores em um programa de pós-graduação na USP?"
1469,"Como são escolhidos o Presidente da Coordenação e seu suplente na Escola Politécnica da USP?"
1223,"Quais são as responsabilidades do Conselho do Departamento na Universidade de São Paulo conforme o regulamento?"
834,"Quais são os critérios para o credenciamento e recredenciamento de um orientador pleno na área de Pós-Graduação em Oceanografia na USP?"
839,"Em quais idiomas uma dissertação pode ser redigida e defendida na Universidade de São Paulo, de acordo com o Regimento de Pós-Graduação?"
687,"Quais idiomas são permitidos para a redação e defesa de Dissertações e Teses na Universidade de São Paulo, além do português?"
1534,"Quais são os departamentos que compõem a Escola de Enfermagem de Ribeirão Preto (EERP) da USP?"
1592,"Quais são os deveres dos discentes de acordo com o Regimento do ICMC da USP?"
1081,"Quais são as responsabilidades de um coordenador de Grupo de Pesquisa na USP conforme o regulamento?"
1386,"Quais são as situações em que a votação será realizada de forma secreta dentro do conselho da USP, conforme as normas estabelecidas?"
3,"Qual é o período mínimo que um candidato ao Mestrado ou Doutoramento deve esperar após a integralização dos créditos exigidos para poder apresentar sua dissertação ou tese na USP?"
902,"Quais são os critérios de proficiência em língua estrangeira exigidos para candidatos ao programa de Mestrado Profissional na USP?"
594,"Quais são as condições sob as quais o salário de um servidor da USP pode ser objeto de arresto, sequestro ou penhora, conforme o estatuto da universidade?"
772,"Quais são os critérios obrigatórios para a opção de dissertação em formato de coletânea de artigos na USP?"
606,"Quais são as Comissões Permanentes do Conselho Universitário da USP e como são constituídas essas comissões?"
858,"Qual é a nota mínima necessária para um candidato ser considerado aprovado em um processo de seleção na USP?"
1280,"Quais são os critérios para que um aluno possa se tornar monitor na FEARP da USP?"
1513,"Quais são as condições para que um aluno de graduação ou pós-graduação possa ser eleito como representante nos termos do Estatuto da USP?"
785,"Qual é o prazo máximo para a reformulação de um relatório de atividades de pesquisa para alunos de Mestrado na USP?"
806,"Qual é o número máximo de orientandos que um orientador pode ter na USP e quantos alunos ele pode coorientar adicionalmente?"
1215,"Quem tem direito de voto, mas não de ser votado, nas eleições da representação discente na Universidade de São Paulo?"
860,"Quais são as consequências para um programa de pós-graduação na USP caso não entregue o relatório anual na data limite ou tenha seu relatório anual reprovado por duas vezes consecutivas?"
1305,"Quem são os membros elegíveis para votar na Comissão de Residência Médica (COREME) da FMUSP?"
1517,"Quantos membros compõem a Comissão de Pós-Graduação (CPG) da USP e como são escolhidos seus integrantes?"
1383,"Como será determinado o início do mandato do primeiro Vice-Diretor eleito em chapas nos Museus e Institutos Especializados da USP, caso os mandatos do Diretor e Vice-Diretor atuais não coincidam?"
1610,"Quem tem acesso às reuniões da Congregação da USP e em quais condições?"
975,"Quantos créditos são necessários para a integralização do curso de mestrado na USP e como eles são distribuídos entre disciplinas e dissertação?"
593,"Quantas vezes por mês um servidor da USP pode se retirar temporária ou definitivamente durante o expediente sem desconto em seu salário, e sob que condição essa autorização é concedida?"
1155,"Qual é a porcentagem de representação discente nas Comissões da USP e como é eleita essa representação?"
1088,"A participação em projetos de pesquisa apoiados pelo CEBIMar gera vínculo empregatício ou funcional entre a Universidade de São Paulo e os membros desses projetos?"
1517,"Quantos membros compõem a Comissão de Pós-Graduação (CPG) da USP e como são escolhidos seus integrantes?"
1348,"Qual é o mandato dos representantes das Classes Trabalhadoras do Estado de São Paulo no contexto mencionado?"
1356,"Quais são as etapas do concurso público para a obtenção do título de Livre-Docente na Universidade de São Paulo (USP)?"
32,"Como é escolhido o Reitor da Universidade de São Paulo e qual é a duração do seu mandato?"
1569,"Quais são os meses em que as inscrições para o Concurso de Livre-Docência na USP estão abertas, e quais idiomas são aceitos para a redação do memorial e da tese original ou do texto exigidos na inscrição?"
1083,"Qual é a principal função do Centro de Informática de São Carlos (CISC) na Universidade de São Paulo?"
1497,"Qual é a carga horária mínima semanal em disciplinas obrigatórias para a matrícula na graduação na USP, e quais são as exceções a essa regra?"
10,"Quais são as áreas de estudo abrangidas pela secção de letras na regulamentação da Faculdade, conforme o artigo 21?"
1556,"Quais são as competências da Comissão de Pós-Graduação (CPG) na Universidade de São Paulo?"
1607,"Quais são as principais responsabilidades das Comissões de Graduação, Pós-Graduação, Pesquisa e Cultura e Extensão Universitária na Universidade de São Paulo?"
1506,"Qual é a composição e os mandatos dos membros da Comissão de Inclusão e Pertencimento da FMVZ-USP?"
933,"Quais são os documentos necessários para um aluno solicitar a mudança de curso de Mestrado para Doutorado Direto na USP?"
1218,"Quem é responsável pela convocação de sessões ordinárias ou extraordinárias na USP e com quanto tempo de antecedência deve ser feita essa convocação?"
37,"Qual é o prazo máximo assegurado para um candidato inscrito a concurso de doutoramento, até a data da vigência do Estatuto da USP, concluir seu doutorado?"
1416,"Quais são os períodos de inscrição para monitoria na Universidade de São Paulo conforme a última atualização normativa?"
898,"Qual é o prazo máximo para o depósito da tese de Doutorado na USP, tanto para portadores do título de mestre quanto para aqueles que ingressam diretamente no Doutorado, e é possível solicitar prorrogação desse prazo?"
1523,"Quais são as quatro provas que compõem o concurso de Livre-Docência na Universidade de São Paulo e quais são seus respectivos pesos?"
1153,"Quais são as fases e provas, incluindo seus respectivos pesos, que compõem o concurso para Professor Doutor na USP?"
1513,"Quais são os objetivos do Regimento da Escola de Artes, Ciências e Humanidades (EACH) da Universidade de São Paulo?"
1541,"Como são propostos os cargos docentes na Universidade de São Paulo e quais são os requisitos para essa proposição?"
1240,"Quais são os critérios para a composição da Comissão de Inclusão e Pertencimento do IP na USP, incluindo a duração do mandato e a possibilidade de recondução para seus membros?"
1511,"Quais são as responsabilidades dos Procuradores da Universidade de São Paulo que estão lotados nos campi do interior?"
1225,"Qual é a duração mínima e máxima permitida para a prova de erudição segundo as normas da USP?"
1136,"Qual é o requisito atualizado para a expedição de segunda via de diplomas pela Universidade de São Paulo em caso de extravio?"
1440,"Quais são as competências do Diretor de uma Unidade na Universidade de São Paulo conforme o regulamento?"
1087,"Quais são os critérios para a composição da Comissão Científica do CEBIMar segundo o seu regimento?"
1415,"Qual é a duração máxima permitida para as provas públicas de arguição nos concursos de Professor Doutor, Livre-Docência e Professor Titular na USP, e sob que condições o diálogo entre examinador e examinado é permitido?"
1565,"Qual é a função do GACInt na promoção de assuntos referentes a relações internacionais na USP?"
1404,"Qual é a duração do mandato dos docentes eleitos pela Congregação para fazer parte da Comissão de Pesquisa na USP e é permitida a recondução?"
1549,"Quem pode participar das reuniões do CTA da ESALQ sem direito a voto?"
891,"Qual é o prazo máximo para o depósito da dissertação de Mestrado na USP?"
1493,"Quem tem a autoridade para veicular notícias e informações ou divulgar o nome e imagens do HRAC?"
607,"Quais são as principais responsabilidades do Reitor da Universidade de São Paulo conforme o regulamento institucional?"
1624,"Quais são os critérios de avaliação e seus respectivos pesos para o concurso de Professor Doutor na USP quando realizado em uma única fase?"
48,"Quais são os objetivos do primeiro ciclo dos currículos de graduação na USP, conforme estabelecido nos regulamentos da universidade?"
598,"Qual é o procedimento para um servidor da USP reassumir o exercício após desistir de uma licença e qual a condição para gozar da parte restante da licença?"
644,"Quantos candidatos por vaga são convocados para a seleção na primeira etapa do processo de transferência para a maioria dos cursos na USP, e qual é a exceção mencionada?"
1261,"Quais são as principais funções da Comissão de Inclusão e Pertencimento da Faculdade de Odontologia de Bauru conforme estabelecido pela USP?"
581,"Quem é designado como pregoeiro nas licitações na modalidade pregão na USP e quais são suas principais atribuições?"
615,"Quando acontecerá anualmente o Festival de Arte e Cultura na Universidade de São Paulo (USP) e quem será responsável pela sua coordenação?"
32,"Quem é responsável por decidir sobre a distinção entre disciplinas distintas na USP, baseando-se em propostas dos Departamentos?"
1102,"Quais são as responsabilidades do Conselho Diretor (CD) em relação à aprovação de regimentos e modificações no Instituto de Estudos Avançados da USP?"
33,"Quais são as responsabilidades do Reitor da Universidade de São Paulo conforme o estatuto da instituição?"
1345,"Quais são os passos necessários para a divulgação dos procedimentos de avaliação de equivalência após sua aprovação pelo Conselho de Graduação na USP?"
1254,"Qual é o objetivo do Programa USP de Incentivo a Centros de Pesquisa e Inovação Especiais (CEPIx) criado pela Universidade de São Paulo?"
1549,"Quais são os critérios para a composição da representação docente na Congregação da ESALQ segundo o regulamento da USP?"
1511,"Quais são as principais responsabilidades dos Procuradores Chefes na Universidade de São Paulo conforme a normativa vigente?"
873,"Quantos créditos são exigidos para a conclusão do curso de doutorado direto na USP, e como eles se distribuem entre disciplinas e preparo da tese?"
822,"Quais são os critérios para o credenciamento ou recredenciamento de um orientador na USP, seja da academia ou da empresa?"
1208,"Quais são as responsabilidades do Coordenador relacionadas à promoção de atividades e interações dentro e fora da Universidade de São Paulo, conforme descrito em um regulamento da USP?"
1104,"Quais são as responsabilidades da Comissão de Relações Internacionais (CRint) na Universidade de São Paulo?"
1027,"Quais são os critérios adicionais considerados para o recredenciamento pleno de docentes no Programa de pós-graduação em Meios e Processos Audiovisuais na USP?"
1373,"Como são definidos os programas dos concursos para professores na Universidade de São Paulo, e qual órgão é responsável por sua aprovação?"
916,"Quais são os critérios necessários para o credenciamento de um orientador externo em um programa de pós-graduação na USP?"
894,"Quais são os critérios mínimos para o credenciamento pleno de um orientador de mestrado no Programa de Pós-graduação em Design na USP?"
774,"Quais são os critérios utilizados na avaliação do projeto de pesquisa e do currículo na primeira etapa do processo de seleção para o doutorado na área de Educação na USP?"
1379,"Os professores visitantes e colaboradores podem votar ou ser votados nos Colegiados da Universidade de São Paulo?"
1020,"Quais são os requisitos para a submissão de dissertações ou teses na Universidade de São Paulo?"
1579,"Qual é o requisito mínimo de formação para um coorientador de Pós-Graduação na USP, e em que condições excepcionais pode-se aprovar um coorientador sem esse requisito?"
1610,"Quais são as finalidades da Faculdade de Direito segundo o seu regulamento?"
883,"Quais são os exames de proficiência em língua inglesa aceitos para matrícula nos programas de mestrado e doutorado na USP e quais os níveis mínimos exigidos pelo CEFR para cada um desses programas?"
607,"Quais são as principais responsabilidades do Conselho de Cultura e Extensão Universitária da USP?"
1599,"Quais são os critérios de composição e mandato para os membros da Comissão de Relações Internacionais (CRInt) da Faculdade de Zootecnia e Engenharia de Alimentos (FZEA) da USP?"
1436,"Qual é a nota mínima que um candidato deve obter na prova escrita para não ser eliminado em um concurso de duas fases na USP?"
1093,"Quais são os objetivos institucionais do Museu de Arte Contemporânea (MAC) da Universidade de São Paulo?"
1491,"Qual é o mandato do presidente e do suplente eleitos pela Comissão de Pós-Graduação (CPG) da USP de Bauru, e é permitida a recondução para esses cargos?"
1468,"Como é feita a admissão de Auxiliares de Ensino e Assistentes na Escola Politécnica da USP e quais são os critérios para sua seleção?"
691,"Quantos créditos em disciplinas um aluno de Mestrado precisa completar para obter o título na USP e qual a porcentagem desses créditos que deve ser realizada dentro do Programa de Pós-Graduação em Entomologia?"
1103,"Quais são os critérios para a composição da Comissão Eleitoral responsável pelo processo eleitoral de dirigentes em um instituto da USP, conforme o regulamento?"
766,"Quais são os critérios necessários para o credenciamento pleno de um docente como orientador no programa de pós-graduação, segundo as normas da USP?"
783,"Qual é o prazo máximo para candidatos aos Cursos de Mestrado na USP demonstrarem proficiência em Língua Inglesa após a matrícula?"
916,"Quais são os critérios necessários para o credenciamento de um orientador externo em um programa de pós-graduação na USP?"
879,"Qual é o prazo máximo para um aluno de Mestrado se inscrever no processo seletivo de ingresso para Doutorado Direto, caso deseje mudar de curso na USP?"
1576,"Quais são os critérios para a concessão de prorrogação de prazo para depósito da Dissertação ou Tese na USP?"
1405,"Qual é a composição da Comissão de Pesquisa da Universidade de São Paulo  e qual é o mandato dos seus membros?"
1417,"Quais são as atividades de responsabilidade exclusiva do docente que um aluno monitor está terminantemente proibido de realizar na USP?"
1580,"Quais são os critérios para a composição da comissão julgadora de dissertações e teses na USP, incluindo as exceções e restrições?"
1498,"Quais são os critérios para a composição da Comissão de Pesquisa e Inovação na USP?"
859,"Quais são os critérios de proficiência em língua inglesa exigidos para alunos de mestrado na USP, incluindo as pontuações mínimas nos testes TOEFL, IELTS, CAMBRIDGE, TOEIC e MICHIGAN?"
1603,"Qual é a duração do mandato dos representantes docentes na Comissão de Cultura e Extensão Universitária (CCEx) da USP e é permitida a recondução?"
1090,"Qual é a frequência das reuniões ordinárias do Conselho Deliberativo (CD) e como são convocadas as reuniões extraordinárias e ordinárias?"
925,"Qual é a nota mínima que os candidatos devem obter em ambas as fases do processo seletivo para serem aceitos no Programa de Mestrado ou Doutorado na USP?"
165,"Quais são as causas que podem levar à cessação de uma bolsa de pós-doutorado na Universidade de São Paulo conforme a Portaria mencionada?"
953,"Qual é a língua estrangeira obrigatória para os pós-graduandos de um determinado programa na USP e quais são os critérios para comprovar a proficiência nesta língua?"
68,"Quais são as consequências para os alunos que não confirmarem ou não comparecerem às entrevistas da segunda fase do processo seletivo na Escola Politécnica da USP?"
603,"Como é determinada a correspondência entre os cargos e funções dos servidores optantes e as modalidades e classes de funções autárquicas na USP?"
1353,"Quais são as responsabilidades atribuídas aos Departamentos da Universidade de São Paulo conforme o regulamento institucional?"
1363,"Quais são as competências atribuídas à Superintendência de Tecnologia da Informação (STI) da Universidade de São Paulo?"
610,"Quais são os requisitos mínimos para admissão aos cursos de graduação na Universidade de São Paulo (USP)?"
1604,"Como são estabelecidos os concursos para provimento de cargos e acesso à função da carreira na USP, e quais documentos regulamentam esses processos?"
858,"Qual é a nota mínima necessária para um candidato ser considerado aprovado em um processo de seleção na USP?"
1116,"Quais são os principais objetivos da Pró-Reitoria de Inclusão e Pertencimento (PRIP) na Universidade de São Paulo?"
612,"Qual é o prazo estabelecido para os Conselhos Centrais da USP elaborarem e submeterem seus Regimentos ao Conselho Universitário, e quais normas devem ser fixadas em seus Regimentos?"
1329,"Quem tem a responsabilidade de convocar ordinariamente as reuniões do Conselho Gestor na USP e sob quais condições membros do Conselho podem solicitar a convocação de uma reunião?"
1483,"Como é determinado o programa do concurso para inscrição em disciplinas na USP e quem é responsável por sua aprovação?"
4,"Qual decreto removeu dispositivos do Estatuto e do Regimento Geral da Universidade de São Paulo relacionados à possibilidade de matrícula em mais de um curso e em que data foi publicado?" 
686,"Qual é o prazo estabelecido para o credenciamento de coorientadores no curso de mestrado na USP?"
644,"O que acontece se um candidato desrespeitar as normas do Exame de Transferência Externa USP 2024/2025 ou não seguir as instruções do Manual da Transferência 2024/2025?"
861,"Qual é o número máximo de estudantes de pós-graduação que um solicitante de credenciamento específico pode orientar simultaneamente na USP?"
820,"Quais são as formas aceitas para comprovar proficiência em língua inglesa para inscrição em processo seletivo na USP, e existe alguma condição especial para estrangeiros cuja língua nativa é o inglês?"
1628,"Qual é o prazo para a inscrição prévia de candidaturas à Presidência e à Vice-Presidência da Comissão de Pesquisa e Inovação da USP, e o que acontece se não houver ao menos duas inscrições dentro desse prazo?"
1256,"Quem são os responsáveis por fazer propostas ao Comitê Gestor do RCGI e implementar suas decisões na Universidade de São Paulo?"
749,"Quais são os critérios mínimos exigidos para o credenciamento específico de orientadores de mestrado na USP?"
603,"Como é formada a Comissão Permanente responsável por opinar sobre modificações no Estatuto da Universidade de São Paulo e quem tem a autoridade para designar seus membros?"
1262,"Quais são as responsabilidades da CoC em relação ao projeto político pedagógico de um curso na USP, conforme as normas recentemente atualizadas?"
1574,"Quem é responsável por homologar e divulgar a relação dos candidatos selecionados para ingresso na Pós-Graduação na USP?"
704,"Quais são as condições sob as quais um aluno pode ser desligado de um programa de pós-graduação na Universidade de São Paulo?"
1614,"Quantos dias de prazo são dados para as inscrições do concurso à livre-docência na USP?"
1442,"Quais são os critérios para a admissão de Auxiliares de Ensino e Assistentes na Universidade de São Paulo?"
1607,"Quais são os critérios para a eleição do presidente e vice-presidente da Comissão de Pesquisa e Inovação (CPqI) da USP, e como é determinado o número de representantes docentes de cada departamento nesta comissão?"
40,"Quais são as responsabilidades do Diretor Presidente da EDUSP em relação às atividades editoriais e livreiras na Universidade de São Paulo?"
1591,"Quais são os critérios para o recrutamento de alunos monitores na USP, conforme as normas mais recentes?"
1590,"Quais são os pesos atribuídos às provas no concurso para professor titular na Universidade de São Paulo conforme a última regulamentação?"
1434,"Quem são os membros do Conselho do Departamento na USP e como são escolhidos?"
1345,"Quais são os critérios para a revalidação de diplomas de graduação expedidos por instituições de ensino superior estrangeiras pela Universidade de São Paulo?"
1407,"Quais são as etapas do concurso para o cargo de Professor Doutor na USP e quais são os pesos atribuídos a cada uma delas?"
172,"Quais são os critérios para a seleção de bolsistas para o programa de pós-doutorado na Faculdade de Direito da USP?"
925,"Quantas unidades de crédito um estudante de Mestrado deve integralizar para a elaboração da dissertação na USP e quantas para disciplinas?"
787,"Quais são os documentos necessários que devem ser inseridos no Sistema Janus de depósito digital para o depósito do exemplar da Dissertação ou Tese na USP?"
1394,"Qual é o mandato dos membros da representação discente no Conselho de um Departamento da Universidade de São Paulo e é possível a recondução para novos mandatos?"
1461,"Qual é a duração de uma monitoria na Universidade de São Paulo e quantas vezes um aluno pode ser reconduzido a essa função por semestre?"
691,"Quantos créditos especiais um aluno da Universidade de São Paulo pode receber por participar do Programa de Aperfeiçoamento do Ensino (PAE)?"
896,"Quantos exemplares em formato PDF de uma dissertação de Mestrado devem ser depositados na USP, e em que circunstâncias são necessários exemplares impressos adicionais?"
1254,"Quais são os critérios para que os CEPIDs da FAPESP sediados na USP sejam elegíveis para os benefícios previstos na resolução mencionada?"
1361,"Quais são os requisitos necessários para uma entidade se associar à Universidade de São Paulo (USP) e como é feita a avaliação dessa associação?"
907,"Qual é a duração máxima permitida para a exposição oral de um aluno sobre seu projeto de pesquisa durante o processo de avaliação na USP?"
1117,"Quantas vezes por ano o Conselho de Inclusão e Pertencimento (CoIP) da USP realiza reuniões ordinárias e sob quais condições são convocadas reuniões extraordinárias?"
66,"Como são criados e providos os cargos na Universidade de São Paulo e nos Institutos que dela fazem parte?"
978,"Quais são os critérios para a produção intelectual exigidos para o credenciamento de orientadores no Programa, e como é avaliada a qualidade dessa produção?"
1525,"Quais são as responsabilidades do CoCEx em relação às atividades de cultura e extensão universitária na USP?"
965,"Quantas vezes por ano o comitê deve se reunir com o candidato durante sua permanência no Programa de Pós-Graduação (PPG) da USP e qual é a obrigatoriedade relacionada à primeira reunião?"
985,"Qual é o número mínimo e máximo de alunos que um docente deve orientar como orientador específico do Programa de Pós-Graduação da USP, conforme as normas de credenciamento?"
1151,"Quais são as funções e atividades de natureza museológica que devem ser organicamente incluídas no corpo técnico de um museu, segundo a normativa da USP?"
933,"Quais são os critérios avaliados no Exame de Qualificação de pós-graduação na USP?"
1589,"Quais são as principais responsabilidades da Comissão da Biblioteca no Instituto de Ciências Matemáticas e de Computação (ICMC) da USP?"
289,"Quais são os grupos de trabalho que compõem a Comissão mencionada na norma da USP e qual é a estrutura de coordenação desses grupos?"
1529,"Qual é a porcentagem da representação discente em relação à representação docente nas Comissões de Coordenação de Curso (CoC) e na Comissão de Pós-Graduação (CPG) da Faculdade de Odontologia de Bauru da USP, e qual é a duração do mandato dos representantes discentes nessas comissões?"
1282,"Quais são as autoridades competentes para aplicar as sanções de advertência, multas e impedimento de licitar e contratar com órgãos e entidades da Administração do Estado de São Paulo na USP, e quem é responsável pela declaração de inidoneidade para licitar ou contratar com a Administração Pública direta e indireta de todos os entes federativos?"
835,"Qual é o procedimento para o depósito digital de teses e dissertações pelos alunos de mestrado e doutorado na Universidade de São Paulo?"
8,"Quais são as responsabilidades do Conselho de Reitores das Universidades Estaduais Paulistas conforme estabelecido pelo decreto governamental de 2 de fevereiro de 1989?"
1446,"Quais são os objetivos dos cursos oferecidos pela Faculdade de Filosofia, Letras e Ciências Humanas da USP?"
1345,"Quais critérios a Comissão de Graduação da USP utiliza para avaliar a compatibilidade entre as formações acadêmicas durante o processo de revalidação de diplomas estrangeiros?"
1273,"Quais são as comissões que podem assessorar a Congregação em suas deliberações, conforme estabelecido no regulamento da USP?"
593,"Quais são as condições sob as quais um servidor da Universidade de São Paulo pode ser dispensado do registro de ponto, de acordo com as normas institucionais?"
1393,"Quais são as responsabilidades do Conselho Técnico-Administrativo em relação às aulas na Universidade de São Paulo?"
1220,"Como são organizadas as Comissões Julgadoras dos concursos para provimento de cargos de professor doutor, professor titular e para a obtenção do título de livre-docente na USP?"
741,"Qual é o prazo máximo para o depósito da dissertação de Mestrado na USP e em que condições pode ser solicitada uma prorrogação desse prazo?"
701,"Quais são os critérios de avaliação para candidatos ao Doutorado Direto na USP, incluindo os requisitos mínimos relacionados a projetos de iniciação científica, apresentações em congressos e publicações em periódicos?"
532,"Quais departamentos da USP têm a possibilidade de ter a competência de assinar termos de adesão a serviço voluntário e seus eventuais termos aditivos de prorrogação delegada pelo Coordenador de Administração Geral?"
53,"Como é decidido um empate entre examinadores no julgamento de um concurso para Professor Titular na USP?"
1241,"Quais são os critérios de composição e mandato para os membros da Comissão de Inclusão e Pertencimento do Instituto de Química da USP?"
707,"Quais são os documentos necessários para acompanhar o depósito de uma tese de doutorado na USP?"
1480,"Quais são as competências da Comissão de Inclusão e Pertencimento (CIP) na Universidade de São Paulo?"
10,"Quais são as cadeiras oferecidas pelo Instituto de Educação da USP conforme descrito na seção VI do regulamento?"
1347,"Quais são as instituições que compõem o Quadrilátero Saúde/Direito na Universidade de São Paulo?"
827,"Como deve ser feito o depósito do exemplar eletrônico de dissertações ou teses na USP e quem deve validar essa submissão?"
725,"Quais são os requisitos para que um aluno do Mestrado Profissional USP-IDPC possa se inscrever no Exame de Qualificação (EQ)?"
30,"Quais são as principais fontes de receita da Universidade de São Paulo conforme seu regulamento?"
877,"Quantos membros titulares e suplentes compõem a Comissão Coordenadora de Programa (CCP) do Programa de Pós-Graduação em Ecologia da USP, e qual é a exigência em relação ao coordenador e seu suplente?"
1029,"Qual é o prazo máximo para a entrega das versões corrigidas da Dissertação ou da Tese em formato digital após a defesa na ECA-USP?"
844,"Quais são os critérios necessários para que o trabalho final nos cursos de Mestrado e Doutorado na USP possa ser apresentado na forma de compilação de artigos?"
1471,"Quais são as responsabilidades da Seção de Livraria Virtual da EDUSP?"
1612,"Quais são os objetivos principais das ações de inclusão e diversidade propostas pela Universidade de São Paulo para sua comunidade acadêmica?"
657,"Qual é a duração da prova para candidatos a Doutorado em Língua Espanhola ou Estudos da Tradução na USP e em que idioma ela deve ser realizada?"
969,"Quais são os requisitos para o conteúdo do Relatório de Qualificação exigido para o Exame de Qualificação na USP?"
1102,"Quais são as principais atividades promovidas pelo Instituto de Energia e Ambiente (IEE) da USP para o desenvolvimento de suas funções, conforme estabelecido em seu regimento?"
51,"Quem é responsável pela elaboração dos projetos de extensão de serviços à comunidade na USP e como são aprovados esses projetos?"
737,"Quais são os requisitos necessários para se inscrever no Doutorado em Saúde Global e Sustentabilidade na USP e quais documentos são exigidos para a inscrição?"
839,"Quais são os documentos necessários para o depósito digital de uma dissertação ou tese na USP conforme o sistema Janus?"
839,"Quais são os critérios para o credenciamento específico de orientadores na USP que desejam orientar alunos de iniciação científica nas áreas de Química e Educação?"
928,"Quais são os requisitos para a apresentação de Dissertações e Teses na USP conforme o Regimento de Pós-Graduação?"
636,"Quais são as prioridades de alocação de vagas para candidatos do ENEM-USP 2024 na Universidade de São Paulo, e como são realocadas as vagas remanescentes?"
621,"Quais são as condições sob as quais o NACE pode ser desativado na Universidade de São Paulo?"
749,"Quais são os critérios necessários para o credenciamento de um professor para orientar Doutorados e Doutorado Direto na USP?"
994,"Quais são os critérios para o credenciamento ou recredenciamento de um orientador na USP?"
1598,"Quem representa a FZEA junto ao Conselho de Pesquisa e Inovação da USP, e o que acontece em caso de vacância dessa posição?"
814,"Quais são os documentos necessários para a inscrição no processo seletivo de mestrado na USP conforme o regulamento?"
1572,"Quantas vezes o CoPGr e as Câmaras da USP se reúnem ordinariamente durante um semestre letivo, e como são convocadas essas reuniões?"
1306,"Qual é o prazo mínimo de antecedência com que deve ser publicado o edital de convocação para a eleição do Chefe do Departamento e do Vice-Chefe na USP?"
1537,"Quem são os membros obrigatórios do Conselho do Departamento na Universidade de São Paulo conforme o estatuto?"
1120,"Em um processo seletivo da USP, o que acontece se não houver candidatos habilitados com título de Mestre para a segunda etapa de avaliações ou se nenhum dos habilitados atender à convocação para contratação?"
927,"Quais são os critérios de credenciamento para orientadores plenos em um programa de pós-graduação na USP?"
582,"Quais são as responsabilidades do gestor de contrato conforme definido na Portaria da USP?"
630,"No Concurso Vestibular FUVEST 2024, o que acontece com um candidato que foi convocado para sua primeira opção de curso e como ele deve proceder em relação à matrícula?"
749,"Quais são os critérios necessários para o credenciamento de um professor para orientar Doutorados e Doutorado Direto na USP?"
76,"Quais são as consequências para os servidores que não apresentarem a Declaração de Quitação ou comprovante equivalente do pagamento das mensalidades do plano de saúde no contexto do Auxílio-Saúde da USP?"
43,"Quais são as finalidades da Coordenadoria da Saúde e Assistência Social (COSEAS) na Universidade de São Paulo?"
990,"Qual é a diferença entre o credenciamento pleno e o credenciamento específico de orientadores na USP?"
1275,"Qual é o prazo mínimo e máximo para as inscrições nos concursos de Professor Doutor na USP e quem aprova a abertura dessas inscrições?"
1110,"Quais são as competências das Comissões de Graduação, Pós-Graduação, Pesquisa, Cultura e Extensão Universitária na Universidade de São Paulo?"
611,"Quem constitui o corpo discente da Universidade de São Paulo (USP)?"
1570,"Como um docente pode participar de núcleos de apoio sediados em outra Unidade da USP?"
1612,"Quais são os objetivos principais das ações de inclusão e diversidade propostas pela Universidade de São Paulo?"
1545,"Qual é a duração do mandato dos membros docentes, exceto o presidente e o vice-presidente, nas Comissões de Graduação, Pesquisa e Inovação, de Cultura e Extensão Universitária, e de Inclusão e Pertencimento na USP, e é permitida a recondução?"
21,"Quais são os órgãos que compõem a Reitoria da Universidade de São Paulo e suas respectivas subdivisões conforme descrito nos regulamentos?"
1547,"Quais são as principais atividades técnicas executadas pelo Serviço de Museologia (SM) da Universidade de São Paulo?"
72,"Quais são as etapas do processo seletivo realizado pela Escola Politécnica da USP e quais unidades são responsáveis por cada uma delas?"
1335,"Quais são os programas de Residência Médica oferecidos pela Universidade de São Paulo mencionados na resolução?"
704,"Quais são as condições sob as quais um aluno pode ser desligado de um programa de pós-graduação na Universidade de São Paulo?"
864,"Quantos membros titulares e suplentes compõem a Comissão Coordenadora do Programa (CCP) do Programa de Pós-Graduação em História Social da FFLCH, e qual é a duração de seus mandatos?"
21,"Quem substitui o Reitor da USP em seus impedimentos e sucede-o em caso de vaga até novo provimento?"
1093,"Quais são os objetivos institucionais do Museu de Arte Contemporânea (MAC) da Universidade de São Paulo?"
675,"Quais são os requisitos necessários para a inscrição de um estudante no exame de qualificação de Mestrado na USP, conforme descrito nas normas do programa?"
867,"Quais são os elementos obrigatórios que devem constar na capa e contracapa de uma dissertação de Mestrado na USP?"
1461,"Quais são os procedimentos necessários para a criação de Centros ou Núcleos dentro de uma Unidade ou Departamento na USP, e quais órgãos devem aprovar seus regimentos?"
1579,"Quais são os critérios para o credenciamento e recredenciamento de orientadores na USP e onde podem ser encontrados?"
596,"Quando um servidor da USP começa a receber o salário-família em relação à esposa e a cada dependente, e quando esse benefício é cessado?"
761,"Quais são os elementos que devem constar na estrutura de uma dissertação de mestrado na USP, conforme as diretrizes do Sistema Integrado de Bibliotecas (SIBi) USP?"
1512,"Qual mudança ocorreu na função de Procurador Chefe na USP conforme a nova regulamentação?"
1559,"Quais são as modalidades possíveis para a realização de uma prova prática em um concurso na USP, conforme o regulamento?"
52,"Quais são os critérios de julgamento para um concurso de Professor Assistente na USP, conforme estabelecido nas normas?"
638,"Se um candidato do Processo Seletivo ENEM-USP 2024, inicialmente matriculado na condição [M], não for convocado para remanejamento até a 2ª Chamada, qual será a alteração automática de sua condição de matrícula?"
45,"Quem pode ser designado pelo Diretor para auxiliá-lo no desempenho de suas atribuições na Universidade de São Paulo?"
580,"Qual é o objetivo do princípio da segregação de funções na designação de agentes públicos, conforme estabelecido pela Universidade de São Paulo?" 
741,"Quais são as modalidades de inscrição oferecidas pelo PPGCOM USP em seus processos seletivos para alunos regulares?"
1585,"Quais são as atribuições do Diretor do ICMC segundo o regimento interno, incluindo as alterações feitas pela Resolução 8503/2023?"
1349,"Quais são os membros que compõem os Conselhos Centrais na Universidade de São Paulo, conforme as normas estabelecidas?"
1107,"Quantas vezes por ano o Conselho Deliberativo da USP deve se reunir ordinariamente, e qual é o intervalo máximo permitido entre essas reuniões?"
900,"Quais são os critérios para o credenciamento ou recredenciamento de um orientador ou coorientador na USP?"
1151,"Quais são os princípios da gestão acadêmica e administrativa do Museu de Arqueologia e Etnologia (MAE) da USP?"
1586,"Quais são os critérios para a composição da Comissão de Graduação (CG) no ICMC, incluindo a qualificação dos membros docentes e a representação discente?"
1308,"Quais são os critérios avaliados na prova de arguição e no julgamento dos títulos durante o Concurso de Professor Titular na USP?"
1447,"Qual é a duração máxima permitida para a prova de argüição e julgamento do memorial em um concurso de livre-docência na USP, e quanto tempo é concedido ao candidato para responder?"
1256,"Quem pode participar das atividades do RCGI na Universidade de São Paulo e sob quais condições podem ser atribuídas bolsas de estudo aos participantes?"
1107,"Quais são as responsabilidades do órgão deliberativo do Museu Paulista em relação à gestão de pessoal docente e técnico-administrativo?"
597,"Quais são as condições sob as quais um servidor da USP não pode ser concedido licença para tratar de interesses particulares, participar de competições esportivas de amadores, ou para ter exercício em outra Instituição universitária?"
766,"Qual é o prazo máximo para o credenciamento de um coorientador no curso de doutorado direto na Universidade de São Paulo?"
1440,"Qual é a duração do mandato dos membros titulares e suplentes dos docentes na Comissão de Pós-Graduação da USP e é permitida a recondução?"
627,"Quais são os critérios para um candidato ser elegível às vagas destinadas às Políticas de Ações Afirmativas na USP, especificamente para as categorias Escola Pública (EP) e Pretos, Pardos e Indígenas (PPI)?"
1345,"Quais são os passos necessários para a divulgação dos procedimentos de avaliação de equivalência após sua aprovação pelo Conselho de Graduação na USP?"
1388,"Quem são os membros que compõem o Conselho Técnico-Administrativo da ECA-USP e quais são suas atribuições principais?"
1398,"Qual é a duração do mandato dos membros docentes e de seus suplentes na Comissão de Pós-Graduação da USP e é permitida a recondução para esses cargos?"
1585,"Quais são as atribuições do Diretor do ICMC conforme o regulamento da USP, e como ele pode delegar parte de suas responsabilidades?"
1440,"Quais são as competências do Diretor de uma Unidade na Universidade de São Paulo conforme o regulamento?"
1563,"Quais são as competências do Conselho Técnico-Administrativo (CTA) da USP conforme estabelecido no regulamento?"
599,"Quais são as condições sob as quais um servidor estável da USP pode ser dispensado de suas funções?"
696,"Quais são os critérios de avaliação para candidatos ao processo seletivo de Mestrado na USP conforme o regulamento?"
716,"Qual é o número máximo de estudantes de mestrado que um solicitante de credenciamento específico pode orientar na USP e quais são os requisitos para que este possa orientar um doutorando?"
1575,"Quais são as responsabilidades da CPG em relação à participação de professores colaboradores em disciplinas de Pós-Graduação na USP?"
835,"Em quais idiomas uma dissertação ou tese pode ser redigida e defendida na Universidade de São Paulo?"
903,"Quais são os critérios de avaliação do desempenho acadêmico e científico dos alunos em um programa de pós-graduação da USP, incluindo as atividades complementares exigidas?"
826,"Quais são os critérios de credenciamento para coorientadores na pós-graduação da USP, incluindo a possibilidade de credenciamento de profissionais não doutores?"
865,"Quais são os idiomas aceitos para comprovação de proficiência em língua estrangeira para ingresso no Doutorado na USP, e é possível validar a proficiência apresentada no Mestrado para o Doutorado?"
1537,"Quais são as etapas do concurso para provimento de cargo de Professor Doutor na USP e qual é a consequência para o candidato que obtém nota menor do que 7,0 na prova escrita?"
23,"Quem assume a presidência das Comissões Permanentes da USP na ausência do Reitor e qual é a regra para o voto de desempate nessas situações?"
43,"Qual é a finalidade da Coordenadoria da Saúde e Assistência Social (COSEAS) na Universidade de São Paulo?"
7,"Qual é o quórum necessário para propor a emenda do Estatuto da Universidade de São Paulo segundo a alteração decretada em 1987, e como ele pode ser ajustado nos dois anos subsequentes à vigência dessa alteração?"
1446,"Quais são os objetivos dos cursos da Faculdade de Filosofia, Letras e Ciências Humanas da USP?"
1377,"Como é determinado o tema da prova escrita em um concurso de livre-docência na USP, e qual é o procedimento para a escolha do tema pelo candidato?"
1365,"Quem é responsável pela elaboração dos Regimentos dos campi da Universidade de São Paulo (USP) e qual órgão deve apreciá-los após serem elaborados?"
532,"Quem tem a competência para autorizar despesas de alunos da USP em eventos ou atividades acadêmicas no exterior e qual é o limite de valor estabelecido para essas despesas?"
169,"Qual foi a alteração de regime de trabalho para o cargo de Professor Doutor 1240242 na Universidade de São Paulo, conforme a Portaria GR 7752/2022?"
1292,"Quais são as principais atividades e objetivos do Centro Observatório das Instituições Brasileiras (COI) da Universidade de São Paulo?"
623,"Quais critérios a Comissão de Graduação da USP utiliza para avaliar a compatibilidade das formações acadêmicas no processo de revalidação de diplomas estrangeiros?"
886,"Qual é o formato final exigido para a entrega eletrônica de dissertações ou teses na USP e onde deve ser realizado o depósito deste arquivo?"
1483,"Qual é o prazo mínimo de divulgação dos editais para seleção de monitores pelos Departamentos na USP?"
1461,"Qual é a duração de uma monitoria na USP e é possível um aluno ser reconduzido a essa função?"
452,"Quando foi revogada a Portaria GR nº 6664/2015, que tratava da criação da Comissão de Planejamento Acadêmico do Campus USP de São Carlos?"
1421,"Quais são as responsabilidades da Comissão de Pesquisa de uma Faculdade na USP?"
1434,"Quais são os critérios para a eleição do Presidente e seu suplente da Comissão de Cultura e Extensão Universitária (CCEx) na USP, e qual é a duração do mandato?"
1312,"Quais são as responsabilidades dos Conselhos dos Departamentos da USP em relação aos laboratórios e serviços do departamento, conforme o regimento?"
1573,"Quem pode ser eleito como representantes discentes na Comissão de Pós-Graduação (CPG) da Universidade de São Paulo (USP) e quais são as condições para sua eleição e recondução?"
906,"Quais são os critérios para o credenciamento e recredenciamento de disciplinas na USP, incluindo aquelas que são não presenciais ou semipresenciais?"
686,"Qual é o número máximo de pontos que podem ser atribuídos pela organização de um livro para fins de credenciamento na USP?"
447,"Quais são as responsabilidades do Comitê de Governança relacionadas ao gerenciamento de pesquisas científicas e ações de inovação na USP?"
1265,"Qual órgão anexo foi integrado à Faculdade de Zootecnia e Engenharia de Alimentos da USP segundo a alteração feita pela Resolução 8016/2020?"
1392,"Quando foi oficialmente desmembrada a Faculdade de Odontologia da Faculdade de Farmácia e Odontologia na Universidade de São Paulo?"
816,"Qual é o prazo máximo para um aluno de Mestrado se inscrever no exame de qualificação na USP e quantos créditos ele deve ter completado para se inscrever?"
48,"Qual é o critério de aprovação de um aluno em uma disciplina na USP em termos de nota final e frequência mínima exigida?"
680,"Quais são as etapas eliminatórias do processo de seleção para ingresso no Programa de Pós-Graduação em Letras (Teoria Literária e Literatura Comparada) na USP, tanto para Mestrado quanto para Doutorado?"
1472,"Quais são as finalidades da Faculdade de Direito de Ribeirão Preto da Universidade de São Paulo conforme seu regimento?"
704,"Quais são os procedimentos a serem seguidos por um aluno de pós-graduação da USP caso seu relatório de atividades seja reprovado ou não apresentado dentro do prazo estabelecido?"
1102,"Quais são as responsabilidades do Conselho Diretor (CD) em relação à aprovação de regimentos e modificações no Instituto de Estudos Avançados da USP?"
1123,"Qual é o objetivo principal do Centro de Agricultura Tropical Sustentável (STAC) criado pela Universidade de São Paulo?"
855,"Como deve ser entregue o relatório de qualificação do estudante à secretaria do PPGTUR?"
1108,"Quais são as etapas do processo de eleição do Diretor e do Vice-Diretor na USP e quem é responsável por conduzi-las?"
1582,"Qual é o prazo máximo para interpor um recurso contra decisões dos órgãos executivos e colegiados da USP, segundo o Regimento Geral da universidade?"
969,"Qual é o prazo máximo para um aluno de Doutorado Direto sem título de mestre se inscrever para o exame de qualificação na USP?"
1464,"Qual é a composição da Comissão de Graduação na Escola Politécnica da USP e quais são os critérios para a eleição ou designação de seus membros?"
638,"Quais são os documentos necessários para a pré-matrícula virtual dos candidatos convocados para os cursos de Graduação na USP?"
844,"Quais são os critérios necessários para que o trabalho final nos cursos de Mestrado e Doutorado na USP possa ser apresentado na forma de compilação de artigos?"
1616,"Quais são as principais responsabilidades do(a) Pró-Reitor(a) Adjunto(a) de Inovação na Universidade de São Paulo?"
1389,"Quem é responsável por designar Comissões temporárias para assessorar em matérias referentes ao funcionamento da Escola de Comunicações e Artes (ECA) da USP?"
1255,"Qual é a finalidade do Centro de Estudos em Inteligência Artificial e Aprendizado de Máquina (CeIAAM) criado pela Universidade de São Paulo?"
1619,"Qual é a composição da Comissão de Inclusão e Pertencimento da USP conforme estabelecido pela Resolução 8455/2023?"
1596,"Quais são as competências da Congregação da Universidade de São Paulo conforme descrito nos regulamentos?"
653,"Quais são os critérios para a composição da Comissão de Pós-Graduação da Escola de Educação Física e Esporte de Ribeirão Preto (EEFERP) da USP?"
1506,"Quais são as responsabilidades da Comissão de Inclusão e Pertencimento da USP?"
1102,"Quais são as responsabilidades do Conselho Diretor (CD) em relação à aprovação de regimentos e modificações no Instituto de Estudos Avançados da USP?"
712,"Quantos pontos um docente precisa obter em um período de quatro anos para ser considerado apto ao credenciamento como Orientador Pleno na USP, e qual é a exigência mínima relacionada à produção científica?"
807,"Qual é o papel do orientador nas Comissões Julgadoras de Dissertações e Teses na USP?"
1276,"Quais são os critérios de ponderação para as diferentes provas e avaliações durante o concurso para provimento de cargos na USP, conforme descrito no regulamento?"
1025,"Quais são as etapas da arguição durante o processo de qualificação de um candidato na pós-graduação da USP e como é organizado o relatório de qualificação segundo o Regimento de Pós-Graduação da USP?"
1476,"Quais são os objetivos principais da Faculdade de Medicina de Ribeirão Preto da Universidade de São Paulo conforme descritos em seu regulamento?"
1148,"Como é feita a divulgação das disciplinas ou atividades de extensão que contarão com alunos monitores na USP, e quais comissões são responsáveis por essa divulgação?"
1050,"Quais são as habilidades que o Programa de Gestão da Inovação (PGI) da USP visa desenvolver nos participantes?"
891,"Qual é o prazo máximo para o depósito da dissertação de Mestrado na USP?"
1479,"Como são escolhidos o Presidente e o Vice-Presidente da Comissão de Cultura e Extensão Universitária (CCEx) da USP e qual é a duração do mandato deles?"
1567,"Como é constituída a Comissão de Pós-Graduação do IFSC da USP e quais são os critérios para a escolha de seus membros docentes e discentes?"
871,"Como são avaliados anualmente os estudantes de pós-graduação da USP e quais são os componentes obrigatórios do relatório de atividades?"
1279,"Quais são as responsabilidades do Conselho do Departamento na Universidade de São Paulo?"
1508,"Quais são os critérios para um aluno se tornar monitor em um departamento da Universidade de São Paulo (USP)?"
1412,"Quais são as responsabilidades da Comissão de Pesquisa no Instituto de Biociências da USP?"
859,"Quantas unidades de crédito um estudante de Mestrado deve integralizar na USP, e como essas unidades são distribuídas entre disciplinas e dissertação?"
1208,"Quais são as principais funções do Comitê Consultivo da USP conforme estabelecido nos regulamentos?"
700,"Qual é o procedimento para um estudante de pós-graduação da USP que deseja proteger patentes ou direitos autorais relacionados ao seu trabalho de dissertação ou tese?"
1598,"Quem representa a FZEA junto ao Conselho de Pesquisa e Inovação da USP e como ocorre a substituição em caso de ausência?"
1151,"Quais são as principais áreas de atuação do Museu de Arqueologia e Etnologia da USP e como elas se manifestam na instituição?"
1004,"Qual é o prazo máximo para a realização do exame de qualificação após a inscrição para alunos de pós-graduação na USP?"
1498,"Como é constituída a Comissão de Pesquisa e Inovação da USP e qual é o mandato dos seus membros?"
723,"Quais são os idiomas permitidos para a ministração de disciplinas na USP, e existe alguma condição específica para as disciplinas obrigatórias serem ministradas em idiomas diferentes do Português?"
713,"Quais são as opções de idioma e formatos de citação e referência que podem ser utilizados na escrita de uma dissertação na USP?"
1523,"Quem é responsável pela chefia da Divisão de Apoio ao Ensino (DAE) na USP e como é feita a sua designação?"
1632,"Quais são os critérios para a eleição dos membros discentes da Comissão de Pós-Graduação (CPG) da USP e qual é a duração do seu mandato?"
760,"Qual é o número mínimo de produções científicas ou tecnológicas que um docente deve ter para ser recredenciado na USP, e quantas dessas devem ser em periódicos?"
51,"Quais são as responsabilidades dos Departamentos, Centros Interdepartamentais e Museus da USP em relação à pesquisa?"
1081,"Quais são as fontes de recursos adicionais para o Instituto de Estudos Avançados (IEA) da USP além de sua dotação orçamentária específica?"
712,"Quais são os critérios necessários para um docente obter o credenciamento pleno como orientador em um programa de pós-graduação stricto sensu na Universidade de São Paulo?"
737,"Quais são os requisitos necessários para se inscrever no Doutorado em Saúde Global e Sustentabilidade na USP e quais documentos são exigidos para a inscrição?"
902,"Quais são os critérios de proficiência em língua estrangeira exigidos para candidatos ao programa de Mestrado Profissional na USP?"
62,"Quais são as normas fundamentais estabelecidas nos estatutos da Universidade de São Paulo para o provimento de cargo de professor catedrático e de livre docente?"
1009,"Quais são os idiomas permitidos para a redação do trabalho final do curso de doutorado ou doutorado direto na Universidade de São Paulo?"
1372,"Qual é o requisito mínimo de titulação para os membros das comissões julgadoras na USP, e em que circunstâncias um membro sem o título de doutor pode ser incluído?"
1436,"Qual é a nota mínima que um candidato deve obter na prova escrita para não ser eliminado em um concurso de duas fases na USP?" 
1019,"Quais são os critérios necessários para o credenciamento de orientadores externos à USP em programas de pós-graduação?"
628,"Quais são as prioridades estabelecidas pela USP para o preenchimento de vagas através do ENEM-USP, incluindo as políticas de ações afirmativas?"
1472,"Quais são as finalidades da Faculdade de Direito de Ribeirão Preto da Universidade de São Paulo conforme seu regimento?"
1502,"Quais são os membros que compõem a Congregação da Faculdade de Medicina Veterinária e Zootecnia (FMVZ) da USP?"
1237,"Quais são os Centros de Apoio do Instituto de Astronomia, Geofísica e Ciências Atmosféricas (IAG) da USP?"
447,"Quais são as responsabilidades do Comitê de Governança relacionadas ao gerenciamento de pesquisas científicas e ações de inovação na USP?"  
757,"Quais são os critérios de proficiência em língua estrangeira exigidos para candidatos ao programa de pós-graduação em Psiquiatria da Faculdade de Medicina da USP?"
760,"Qual é o critério de produção científica ou tecnológica necessário para o primeiro credenciamento de orientadores na USP, incluindo o número de unidades de produção e o tipo de publicações exigidas?"
628,"Quais são as prioridades estabelecidas pela USP para o preenchimento de vagas através do ENEM-USP, incluindo critérios de renda e escolaridade?"
854,"Quantas unidades de crédito um aluno de Mestrado deve integralizar na USP, e como essas unidades são distribuídas entre disciplinas, créditos especiais e elaboração da dissertação?"
1484,"Como são feitas as reavaliações quinquenais das atividades docentes na USP e quem é responsável por apresentar as informações sobre o uso dessa avaliação à Congregação?"
1528,"Quais são os tipos de sessões da Congregação na USP e em quais circunstâncias cada tipo é realizado?"
531,"Quais são as competências delegadas aos Coordenadores dos Centros de Estudos da USP vinculados ao Gabinete do Reitor em relação aos procedimentos de licitação?"
994,"Quais são os critérios para o credenciamento ou recredenciamento de um orientador na USP?"
1282,"Qual é o prazo dado para um particular apresentar defesa escrita e especificar as provas que pretenda produzir em um processo de responsabilização na USP para aplicação de sanções de impedimento para licitar e contratar com a Administração do Estado de São Paulo?"
434,"Qual é o objetivo do apoio concedido a pesquisadores indígenas da USP e sob a coordenação de qual pró-reitoria essa iniciativa é realizada?"
749,"Quais são os critérios mínimos para o credenciamento específico de orientadores de Mestrado e Doutorado na USP conforme a coleção Web of Science ou os estratos da CAPES?"
1537,"Quem são os membros obrigatórios do Conselho do Departamento na Universidade de São Paulo, conforme o estatuto?"
996,"Qual é o prazo para o depósito do arquivo digital de uma tese ou dissertação por um pós-graduando na ESALQ?"
1419,"Quais são as responsabilidades da Comissão de Graduação (CG) da FAU-USP em relação à estrutura curricular e duração dos cursos de graduação?"
728,"Quantos créditos um pós-graduando da USP pode obter ao ser o primeiro autor de um artigo completo publicado em um periódico científico indexado internacionalmente?"
1296,"Quais são os objetivos da USP relacionados ao bem-estar social e saúde mental conforme suas diretrizes institucionais?"
1153,"Como são escolhidos o Presidente e o Vice-Presidente de cada comissão na USP, e qual é o procedimento para a eleição desses cargos?"
1609,"Quais são as provas e seus respectivos pesos no concurso de livre-docência da USP?"
1615,"Quem é responsável pela coordenação das pesquisas e inovação na Universidade de São Paulo?"
1254,"Qual é o objetivo do Programa USP de Incentivo a Centros de Pesquisa e Inovação Especiais (CEPIx) criado pela Universidade de São Paulo?"
37,"Como são organizadas as atribuições nas Unidades da USP que não têm condições de organizar uma Congregação?"
1611,"Quais são as principais responsabilidades da Comissão de Pós-Graduação (CPG) na Universidade de São Paulo?"
1623,"Como é regulamentado o funcionamento da Comissão de Inclusão e Pertencimento (CIP) na USP e quem aprova seu Regimento Interno?"
1622,"Qual é a duração do mandato dos representantes dos docentes, dos discentes e dos servidores técnicos e administrativos no CTA da USP?"
1241,"Quais são as responsabilidades da Comissão de Inclusão e Pertencimento (CIP) no Instituto de Química da Universidade de São Paulo?"
1632,"Qual é o mandato dos representantes titulares de cada Departamento na USP e é possível a recondução para esses cargos?"
1588,"Quais são os objetivos da Coordenadoria de Administração Geral do ICMC na Universidade de São Paulo?"
849,"Quais são os critérios de pontuação mínima para a comprovação de proficiência em inglês nos programas de Mestrado, Doutorado e Doutorado Direto na USP?"
892,"Qual é o prazo máximo para um aluno de mestrado da USP se inscrever para repetir o exame de qualificação após ser reprovado pela primeira vez?"
1206,"Quais são os cinco grandes temas abrangidos pelas linhas de pesquisa estratégicas do CCARBON para atingir seus objetivos?"
396,"Como e quando serão divulgados os resultados da eleição para composição de uma das bancas de heteroidentificação na USP em 2023?"
1216,"Quais são os critérios e pesos para as provas no concurso de Livre-Docência na USP, conforme o regulamento?"
559,"Qual departamento da Faculdade de Odontologia de Ribeirão Preto foi designado para receber um novo cargo de Professor Doutor pela Universidade de São Paulo em 2024?"
749,"Quais são os critérios de credenciamento para um orientador de mestrado no programa de Engenharia Elétrica da USP?"
1388,"Quem são os membros que compõem o Conselho Técnico-Administrativo (CTA) da ECA na USP e quais são as condições para a participação dos Presidentes das Comissões de Cultura e Extensão Universitária e de Pesquisa nas reuniões do CTA?"
596,"Qual é o prêmio recebido por um servidor da Universidade de São Paulo ao completar cinquenta anos de efetivo exercício?"
998,"Quais são os critérios necessários para um aluno de mestrado ser transferido para o doutorado direto na USP?"
1579,"Qual é o papel do coorientador na orientação de alunos de pós-graduação na USP e quais são os requisitos mínimos para alguém ser credenciado como coorientador?"
732,"Qual é o prazo máximo para um aluno entregar a versão corrigida de sua dissertação ou tese, em formato digital, após o julgamento pela comissão julgadora na USP?"
1632,"Quais são as responsabilidades da Comissão de Pesquisa e Inovação (CPqI) na Universidade de São Paulo?"
447,"Quais são os critérios para a composição do Comitê de Governança da USP e qual é a duração do mandato de seus membros?"
1589,"Qual é o prazo de inscrição para o concurso de professor doutor na USP conforme a última alteração regulamentar?"
1492,"Quais são os critérios de qualificação exigidos para os servidores que dirigem o Departamento Hospitalar e as Divisões de Saúde Auditiva, Odontologia, Sindromologia e Apoio Hospitalar na USP, conforme a norma?"
1127,"Quais são as competências do Conselho Gestor dos campi da Universidade de São Paulo conforme a nova redação do artigo 27-C?"
1114,"Qual é a duração do mandato dos membros discentes no CoPI e é permitida a recondução?"
1361," Quais são os requisitos necessários para uma entidade se associar à Universidade de São Paulo (USP)?"
731,"Quais são os critérios e documentos necessários para o credenciamento de coorientadores no Programa de Pós-Graduação em Engenharia e Ciência de Materiais na USP?"
